"data","TCI"
2018-05-10,44.217336946581
2018-05-11,44.1065699657451
2018-05-14,44.723478192875
2018-05-15,45.5161808787972
2018-05-16,45.3462318160373
2018-05-17,45.4888340400071
2018-05-18,45.8286756623039
2018-05-21,46.5748935356248
2018-05-22,46.8653320290873
2018-05-23,46.7859338494357
2018-05-24,46.8877268684168
2018-05-25,46.7123959193126
2018-05-28,47.290157869075
2018-05-29,47.4309589627646
2018-05-30,47.6778633744155
2018-06-01,47.8378509778039
2018-06-04,47.1174353687606
2018-06-05,47.8164987107011
2018-06-06,48.0838177033425
2018-06-07,53.1091237998858
2018-06-08,52.1203740235106
2018-06-11,54.938084325173
2018-06-12,55.0223643023354
2018-06-13,54.7250651651307
2018-06-14,54.3651142933004
2018-06-15,55.0466943092976
2018-06-18,55.0498964199115
2018-06-19,55.4199174724281
2018-06-20,55.6324510195328
2018-06-21,55.4925552649259
2018-06-22,56.1467742184735
2018-06-25,56.4209890013233
2018-06-26,56.7428483561152
2018-06-27,56.836406066052
2018-06-28,56.6767353577398
2018-06-29,56.7599058839711
2018-07-02,56.9362920111222
2018-07-03,56.95378048925
2018-07-04,57.0029462658885
2018-07-05,57.0747146087992
2018-07-06,58.8827491046375
2018-07-10,58.5457574751995
2018-07-11,58.9142967453262
2018-07-12,58.8922066545395
2018-07-13,59.0854008395323
2018-07-16,60.4321924915095
2018-07-17,60.4998233702087
2018-07-18,60.5181339692147
2018-07-19,60.9469496651018
2018-07-20,60.734971193262
2018-07-23,60.5800858900923
2018-07-24,60.3080930734078
2018-07-25,60.4459623163703
2018-07-26,60.2308242381858
2018-07-27,60.3513804729094
2018-07-30,60.3841373598295
2018-07-31,59.6773118172444
2018-08-01,59.5566222418282
2018-08-02,60.369242859317
2018-08-03,60.7834175784728
2018-08-06,60.9881364540771
2018-08-07,61.0418422906503
2018-08-08,62.486967910065
2018-08-09,63.2229415273274
2018-08-10,63.7304605383144
2018-08-13,64.6013535843342
2018-08-14,63.8983904758057
2018-08-15,64.2872834207727
2018-08-16,64.3643073046661
2018-08-17,64.5292158387
2018-08-20,65.1705824784209
2018-08-21,65.0468016910687
2018-08-22,64.9044749547997
2018-08-23,64.7400335376522
2018-08-24,64.7395765647747
2018-08-27,64.4842895895112
2018-08-28,64.2889423222691
2018-08-29,64.5826573181327
2018-08-30,64.4392045861321
2018-08-31,64.302545001226
2018-09-03,64.6217000942091
2018-09-04,64.9135800776148
2018-09-05,64.9242003228401
2018-09-06,64.9220141021195
2018-09-10,64.9251579014067
2018-09-11,64.995472166829
2018-09-12,64.9660591455896
2018-09-13,65.0713154876276
2018-09-14,64.1690195154703
2018-09-17,63.9659881393408
2018-09-18,64.2810694687697
2018-09-19,63.9186467586847
2018-09-20,63.7194295218282
2018-09-21,63.5286941767936
2018-09-24,63.4101500557068
2018-09-25,63.189283563122
2018-09-26,63.2088917729319
2018-09-27,63.1459730770183
2018-09-28,63.520475295873
2018-10-01,63.5645872827254
2018-10-02,63.8685711045167
2018-10-03,68.9608905229842
2018-10-04,65.1483534864443
2018-10-05,65.079225719674
2018-10-08,72.6169808953858
2018-10-09,68.0984476297798
2018-10-10,67.7658247033779
2018-10-11,67.2353650910803
2018-10-15,66.7373232336111
2018-10-16,67.048224561454
2018-10-17,66.5605845935724
2018-10-18,66.2752040962664
2018-10-19,65.5058520759919
2018-10-22,65.5528608076395
2018-10-23,65.4649701871142
2018-10-24,65.3552925038702
2018-10-25,65.17098418086
2018-10-26,64.7573737924222
2018-10-29,64.2495536772728
2018-10-30,63.5559824093954
2018-10-31,63.8390756454005
2018-11-01,63.6262527167778
2018-11-05,63.7672340610086
2018-11-06,63.6278071172822
2018-11-07,63.8800449919306
2018-11-08,67.2672205426051
2018-11-09,65.0619483790315
2018-11-12,65.1869386708545
2018-11-13,64.9866962771724
2018-11-14,65.4492937738764
2018-11-16,65.2806495568313
2018-11-19,65.2218760286229
2018-11-21,65.3927627861495
2018-11-22,65.4632103583322
2018-11-23,65.629280675104
2018-11-26,65.7013505364746
2018-11-27,65.4788028737604
2018-11-28,65.3318946139115
2018-11-29,65.2908283744019
2018-11-30,65.1556243221843
2018-12-03,64.900467329542
2018-12-04,64.7609806916031
2018-12-05,64.4685225104003
2018-12-06,64.5119635126931
2018-12-07,64.4930551703582
2018-12-10,64.4467230509813
2018-12-11,64.4135299288971
2018-12-12,64.3944849498291
2018-12-13,64.52490056311
2018-12-14,64.1188776723866
2018-12-17,64.0464595161021
2018-12-18,63.9959879635684
2018-12-19,63.9349888569278
2018-12-20,63.7367795848355
2018-12-21,63.9263429304247
2018-12-26,63.95878010349
2018-12-27,63.6777945392846
2018-12-28,63.3699060541569
2019-01-02,63.6536963821286
2019-01-03,63.5205249258911
2019-01-04,63.5330616773507
2019-01-07,63.2742248567076
2019-01-08,64.307828355359
2019-01-09,65.3016277878317
2019-01-10,65.4186366047411
2019-01-11,66.1234847629933
2019-01-14,66.4716559638119
2019-01-15,66.7107064427145
2019-01-16,67.0158906837167
2019-01-17,67.2774478843163
2019-01-18,66.7844574317264
2019-01-21,67.146759639504
2019-01-22,67.0760199701464
2019-01-23,66.8494048817855
2019-01-24,66.9503316032456
2019-01-28,66.7399418287346
2019-01-29,66.6372050594497
2019-01-30,66.4358635800263
2019-01-31,66.7079253947527
2019-02-01,67.1969754825382
2019-02-04,67.001668193271
2019-02-05,66.9686179000676
2019-02-06,67.1083158943453
2019-02-07,66.8208778144756
2019-02-08,66.7325330365484
2019-02-11,66.7972830100016
2019-02-12,66.9279230360722
2019-02-13,66.5419568994034
2019-02-14,66.6595873143653
2019-02-15,66.3293163240754
2019-02-18,66.077669454029
2019-02-19,66.4595834833841
2019-02-20,66.3850214114582
2019-02-21,66.7359232476972
2019-02-22,66.8422663525533
2019-02-25,66.1636883546662
2019-02-26,65.4797919051678
2019-02-27,65.0887840695328
2019-02-28,66.1884024590616
2019-03-01,65.8907890077089
2019-03-06,66.08391688143
2019-03-07,65.9481287510739
2019-03-08,64.4853266325064
2019-03-11,64.7526292663178
2019-03-12,64.6406263461231
2019-03-13,65.0176295976422
2019-03-14,65.3117713352336
2019-03-15,66.6864255298077
2019-03-18,65.4240647279964
2019-03-19,65.2455787191232
2019-03-20,64.9705635819377
2019-03-21,64.3963246384701
2019-03-22,64.8192877197851
2019-03-25,64.3906195894684
2019-03-26,64.0703068872119
2019-03-27,62.0731330231857
2019-03-28,60.9503349474231
2019-03-29,59.5197744869314
2019-04-01,59.2830904957845
2019-04-02,59.3841038563465
2019-04-03,59.3048822231614
2019-04-04,59.3081389894871
2019-04-05,59.2512756939387
2019-04-08,59.2425152664522
2019-04-09,59.1580640868652
2019-04-10,59.1262110761009
2019-04-11,59.0811340338177
2019-04-12,59.3503060161844
2019-04-15,59.1017364091107
2019-04-16,58.9390893733997
2019-04-17,58.9492906221182
2019-04-18,58.6791001402188
2019-04-22,58.6580048276323
2019-04-23,58.5734834204472
2019-04-24,58.5785033683584
2019-04-25,58.50887427604
2019-04-26,58.4493325978951
2019-04-29,58.6565641045277
2019-04-30,59.3713689688739
2019-05-02,58.9733378402556
2019-05-03,59.1577149546424
2019-05-06,59.4898733171959
2019-05-07,60.0385992314763
2019-05-08,60.1506207460872
2019-05-09,60.1565665237163
2019-05-10,59.9567334800454
2019-05-13,59.6848579120904
2019-05-14,59.5197766216397
2019-05-15,60.8171103190216
2019-05-16,60.4977332474724
2019-05-17,60.3361178435727
2019-05-20,60.3869369093361
2019-05-21,60.4830636115564
2019-05-22,60.4782580501551
2019-05-23,60.6094804271571
2019-05-24,60.6169275970142
2019-05-27,60.3250811777171
2019-05-28,60.120838119001
2019-05-29,59.8747317819239
2019-05-30,59.8844772447029
2019-05-31,59.7535746744965
2019-06-03,59.4271898862212
2019-06-04,59.2979295953378
2019-06-05,59.2130541159659
2019-06-06,58.9806111646271
2019-06-07,59.0274952879958
2019-06-10,59.2424142129243
2019-06-11,59.3737081439274
2019-06-12,59.4629972371304
2019-06-13,59.5541185110372
2019-06-14,59.3949869391808
2019-06-17,59.3505378660835
2019-06-18,59.2090652162542
2019-06-19,59.0999281357973
2019-06-21,58.6405566824569
2019-06-24,59.1205171172519
2019-06-25,58.9660141433264
2019-06-26,58.9388959472864
2019-06-27,58.9374561394833
2019-06-28,59.0288619410542
2019-07-01,59.1919656489753
2019-07-02,59.127879825992
2019-07-03,59.1951310034417
2019-07-04,59.157159595841
2019-07-05,59.185944723967
2019-07-08,59.1324100421704
2019-07-10,59.1942127794182
2019-07-11,59.2096273469504
2019-07-12,59.149160947796
2019-07-15,58.940860192924
2019-07-16,58.9339298450373
2019-07-17,59.0699304038161
2019-07-18,59.1464979004951
2019-07-19,59.391348968173
2019-07-22,58.9276912524065
2019-07-23,59.7476871040368
2019-07-24,60.1801560473616
2019-07-25,58.8971466906114
2019-07-26,58.6061857923519
2019-07-29,58.7023026515127
2019-07-30,56.2373850105741
2019-07-31,56.311797619557
2019-08-01,55.8105032184
2019-08-02,55.457685729014
2019-08-05,55.4696766850552
2019-08-06,55.6457101306293
2019-08-07,55.7461275071373
2019-08-08,55.3372096956178
2019-08-09,55.1038227467616
2019-08-12,56.0311008398127
2019-08-13,55.5213733524672
2019-08-14,55.5517212329455
2019-08-15,56.219884241497
2019-08-16,56.2467513156765
2019-08-19,55.9964052573511
2019-08-20,55.5543589104858
2019-08-21,54.6208126245786
2019-08-22,53.9553555217565
2019-08-23,54.3396900826157
2019-08-26,55.1492873340677
2019-08-27,53.678091432202
2019-08-28,48.9063720411536
2019-08-29,49.7636975632244
2019-08-30,49.894519996063
2019-09-02,50.0507140905263
2019-09-03,49.9737421905065
2019-09-04,49.8846302368331
2019-09-05,49.9030918965713
2019-09-06,49.740244226067
2019-09-09,49.9361813423026
2019-09-10,49.9651525550035
2019-09-11,49.788216151525
2019-09-12,49.5676402124172
2019-09-13,49.0081364122972
2019-09-16,48.8400473592325
2019-09-17,48.8720234424173
2019-09-18,48.3917526916352
2019-09-19,48.1324067901529
2019-09-20,47.8659624940273
2019-09-23,48.5967719345694
2019-09-24,50.5427535881712
2019-09-25,50.873569024801
2019-09-26,50.3449588940224
2019-09-27,50.998862952061
2019-09-30,50.9717241230237
2019-10-01,51.1847935472945
2019-10-02,50.9493155189095
2019-10-03,50.2699613329818
2019-10-04,51.1091093042298
2019-10-07,51.2826158777805
2019-10-08,51.4560754832669
2019-10-09,51.1313688204371
2019-10-10,51.5653812372391
2019-10-11,51.7508404563291
2019-10-14,51.7575682216747
2019-10-15,51.8368412498148
2019-10-16,51.7046225978533
2019-10-17,51.8698580772433
2019-10-18,51.8989687783959
2019-10-21,51.7009484831075
2019-10-22,51.7521603854894
2019-10-23,51.3870342313821
2019-10-24,51.4615722933558
2019-10-25,51.3227265716485
2019-10-28,51.2936618080386
2019-10-29,51.2252434846855
2019-10-30,50.9674210158864
2019-10-31,50.6141004357242
2019-11-01,50.3179764927361
2019-11-04,50.552348676359
2019-11-05,49.8314583897984
2019-11-06,49.8553515362077
2019-11-07,50.2466322982757
2019-11-08,50.2356879878139
2019-11-11,50.4054676834545
2019-11-12,49.8421581567124
2019-11-13,50.2304872676619
2019-11-14,51.1570418793717
2019-11-18,51.4653374488217
2019-11-19,51.5360046115679
2019-11-21,51.8290004796358
2019-11-22,51.8880051851362
2019-11-25,51.7732348392951
2019-11-26,51.6245173966585
2019-11-27,50.1896367308046
2019-11-28,50.8168889038402
2019-11-29,50.6380129733516
2019-12-02,51.7166026152983
2019-12-03,51.9524121027294
2019-12-04,52.745998031858
2019-12-05,52.7849019709669
2019-12-06,53.3187560833865
2019-12-09,54.0695378486804
2019-12-10,53.1601331235109
2019-12-11,54.0512205362146
2019-12-12,54.0042238183597
2019-12-13,52.6743246330178
2019-12-16,52.4085047933396
2019-12-17,53.3283031884869
2019-12-18,53.4346902781043
2019-12-19,53.8889180379443
2019-12-20,53.8604804190483
2019-12-23,54.032400446491
2019-12-26,53.8838514854612
2019-12-27,54.6322331875588
2019-12-30,53.1145193177151
2020-01-02,53.2190603013869
2020-01-03,53.3769317150298
2020-01-06,53.3760321712151
2020-01-07,53.6895513036603
2020-01-08,53.5865167382993
2020-01-09,53.6325296655542
2020-01-10,53.2367364651483
2020-01-13,52.6560068854151
2020-01-14,52.7558970093908
2020-01-15,52.7978986237572
2020-01-16,52.8628154600621
2020-01-17,52.4633864133293
2020-01-20,52.7131965605527
2020-01-21,51.9950602792102
2020-01-22,51.591434555417
2020-01-23,51.9258233853407
2020-01-24,51.769605128874
2020-01-27,52.1405225727984
2020-01-28,51.9160255772625
2020-01-29,51.684511632851
2020-01-30,50.8014101717353
2020-01-31,50.3401401557658
2020-02-03,50.4949659363178
2020-02-04,50.4369492513292
2020-02-05,50.572229848787
2020-02-06,50.1564239502839
2020-02-07,49.9959633164144
2020-02-10,48.7550903804511
2020-02-11,48.2849140636147
2020-02-12,48.1108910661751
2020-02-13,48.0846139318106
2020-02-14,47.9942365410585
2020-02-17,48.3731462498178
2020-02-18,48.3149401775754
2020-02-19,48.0282821465915
2020-02-20,48.1783363813798
2020-02-21,49.0226125606364
2020-02-26,52.8356362986618
2020-02-27,51.5797481395826
2020-02-28,52.7494313189643
2020-03-02,52.1704442924705
2020-03-03,52.2469700093085
2020-03-04,52.4762982956296
2020-03-05,51.9971035522997
2020-03-06,55.6172380548132
2020-03-09,62.1051679544595
2020-03-10,64.9030660613679
2020-03-11,67.4540156436086
2020-03-12,75.7729177070218
2020-03-13,79.2995998961746
2020-03-16,76.3223330327907
2020-03-17,75.1643578604729
2020-03-18,75.1269522094412
2020-03-19,74.99483127746
2020-03-20,75.0465525603969
2020-03-23,75.1672244322486
2020-03-24,75.1253785342221
2020-03-25,75.165025744285
2020-03-26,75.270997764221
2020-03-27,75.3166086433388
2020-03-30,75.3671218629673
2020-03-31,75.4636717158202
2020-04-01,75.4256817255574
2020-04-02,75.4308656756472
2020-04-03,75.4319848462166
2020-04-06,75.229086596653
2020-04-07,75.2842235428051
2020-04-08,75.4074154525135
2020-04-09,75.5298830315938
2020-04-13,76.0692064024573
2020-04-14,76.598223627687
2020-04-15,77.0120320708666
2020-04-16,76.6016483673382
2020-04-17,77.1164968506421
2020-04-20,77.2124401168865
2020-04-22,77.1136227346365
2020-04-23,77.161448320158
2020-04-24,77.1229173858641
2020-04-27,77.2836628807063
2020-04-28,77.1560734939237
2020-04-29,77.1633793406219
2020-04-30,77.1665706964591
2020-05-04,77.099508787248
2020-05-05,76.876460700638
2020-05-06,76.8589989555568
2020-05-07,76.5316286529748
2020-05-08,76.1007339337364
2020-05-11,76.1536689598771
2020-05-12,76.1919648634998
2020-05-13,76.1437436545515
2020-05-14,76.0080820200043
2020-05-15,75.9881241051508
2020-05-18,75.8948460488411
2020-05-19,75.9466994371369
2020-05-20,75.6775983792669
2020-05-21,75.5204336184236
2020-05-22,75.2766974182921
2020-05-25,75.3307187423691
2020-05-26,75.256878132118
2020-05-27,75.2767953262721
2020-05-28,75.1252875370807
2020-05-29,75.1468451038856
2020-06-01,74.9169220693335
2020-06-02,74.8890364745893
2020-06-03,74.8484668065526
2020-06-04,74.7395060313781
2020-06-05,74.6796734246782
2020-06-08,74.6618072476492
2020-06-09,75.0938461255237
2020-06-10,76.5396567896134
2020-06-12,76.30983907219
2020-06-15,76.2795515943848
2020-06-16,76.3388091114281
2020-06-17,76.4034901672055
2020-06-18,76.6333108853985
2020-06-19,76.6665691624541
2020-06-22,76.8199566142967
2020-06-23,76.9603397782766
2020-06-24,77.0229567115761
2020-06-25,77.2885933016567
2020-06-26,77.4402239779025
2020-06-29,77.7178839512203
2020-06-30,77.9648057605078
2020-07-01,78.1980548207899
2020-07-02,78.4108556918763
2020-07-03,78.7239171951888
2020-07-06,79.0341069571499
2020-07-07,79.4887292092388
2020-07-08,79.8488212607603
2020-07-09,80.1912160661829
2020-07-10,79.8102595426813
2020-07-13,80.0121244328489
2020-07-14,79.9794902846038
2020-07-15,80.039613953964
2020-07-16,79.9173586374123
2020-07-17,79.9278256010228
2020-07-20,79.8152547664614
2020-07-21,79.8043457434792
2020-07-22,80.0088655414994
2020-07-23,79.9513500562393
2020-07-24,79.9547450817017
2020-07-27,80.0333207445974
2020-07-28,80.1435932549737
2020-07-29,80.0766819189324
2020-07-30,80.1756078932151
2020-07-31,80.2089243803918
2020-08-03,80.3676137737697
2020-08-04,80.1412985471113
2020-08-05,80.3153702286694
2020-08-06,80.5116451118462
2020-08-07,80.6133942265046
2020-08-10,80.5911063113319
2020-08-11,80.4329624826389
2020-08-12,80.6255675327512
2020-08-13,80.5787141558599
2020-08-14,80.7516637110128
2020-08-17,80.8448960094566
2020-08-18,80.5122788586581
2020-08-19,80.2139787106948
2020-08-20,80.4336623380814
2020-08-21,80.3249181310227
2020-08-24,80.3112488821361
2020-08-25,80.3492500394988
2020-08-26,80.4591373793316
2020-08-27,80.5016310259386
2020-08-28,80.4386732697728
2020-08-31,80.5714831564266
2020-09-01,80.4828200134924
2020-09-02,80.5141023249312
2020-09-03,80.5877459441489
2020-09-04,80.5552911239139
2020-09-08,80.5254356283591
2020-09-09,80.53162256542
2020-09-10,80.5109561266078
2020-09-11,80.4969829600186
2020-09-14,80.5926367955031
2020-09-15,80.6037585169739
2020-09-16,80.7155839463579
2020-09-17,80.7852053297524
2020-09-18,80.7480313821494
2020-09-21,80.792243167903
2020-09-22,80.8275503385048
2020-09-23,80.9847877599882
2020-09-24,81.000211825599
2020-09-25,81.1947779369004
2020-09-28,81.1318473676765
2020-09-29,81.1935073183248
2020-09-30,81.1761198499415
2020-10-01,81.2280796590899
2020-10-02,81.0611791422041
2020-10-05,81.0663269635528
2020-10-06,81.0631108633311
2020-10-07,81.111035282533
2020-10-08,81.0015767886313
2020-10-09,80.9379317385719
2020-10-13,80.2546684992305
2020-10-14,80.0117253912601
2020-10-15,79.9543257944623
2020-10-16,80.0157784388585
2020-10-19,79.9939072196764
2020-10-20,79.9464722402487
2020-10-21,79.8087445835515
2020-10-22,79.5628344032778
2020-10-23,79.6589189389265
2020-10-26,79.7596006198248
2020-10-27,79.6506317172104
2020-10-28,79.4791761445983
2020-10-29,80.762581613812
2020-10-30,80.7105851691186
2020-11-03,80.8347364543355
2020-11-04,80.6114083728783
2020-11-05,80.6800086658425
2020-11-06,80.8697253297365
2020-11-09,81.5176604669294
2020-11-10,81.5551686107483
2020-11-11,81.7829982593759
2020-11-12,81.8005824123519
2020-11-13,81.8248118029024
2020-11-16,81.8599231470161
2020-11-17,81.873566737952
2020-11-18,81.8797859290956
2020-11-19,82.0154726759471
2020-11-23,82.0246738123062
2020-11-24,82.0990508672003
2020-11-25,82.1056287610163
2020-11-26,82.1116690834449
2020-11-27,82.0937007396235
2020-11-30,82.0785316526817
2020-12-01,81.8389195790203
2020-12-02,81.808767977764
2020-12-03,81.7689540388844
2020-12-04,81.7373173745362
2020-12-07,81.6777682943713
2020-12-08,81.6481900463024
2020-12-09,81.9317802043348
2020-12-10,81.7715210841116
2020-12-11,81.7605160477273
2020-12-14,81.7842435416734
2020-12-15,81.756174125105
2020-12-16,81.7702579953487
2020-12-17,81.9089068932524
2020-12-18,81.9845979295117
2020-12-21,82.1147784092192
2020-12-22,82.1897994899124
2020-12-23,80.1670577423683
2020-12-28,78.9445356760749
2020-12-29,79.1784998497898
2020-12-30,79.2244897168358
2021-01-04,78.8689646555975
2021-01-05,78.585013489712
2021-01-06,78.3476136045604
2021-01-07,78.297567629283
2021-01-08,77.8637588481143
2021-01-11,77.6085737727699
2021-01-12,77.4065739215288
2021-01-13,77.2353795747914
2021-01-14,77.0381651411008
2021-01-15,76.8459531264451
2021-01-18,76.535599891277
2021-01-19,76.2390610083572
2021-01-20,75.8372255911657
2021-01-21,75.0824885694436
2021-01-22,74.4611314312574
2021-01-26,73.8171227328164
2021-01-27,73.3621625467749
2021-01-28,73.8333500103335
2021-01-29,73.3316230633917
2021-02-01,72.8092928798736
2021-02-02,73.0211105858757
2021-02-03,72.4928508873195
2021-02-04,72.3489866833982
2021-02-05,72.377901455974
2021-02-08,72.3528950680098
2021-02-09,72.3879970335741
2021-02-10,71.9037823261074
2021-02-11,71.9794972481589
2021-02-12,71.9835653552492
2021-02-17,71.9194208314561
2021-02-18,71.5349193795744
2021-02-19,71.6810659855684
2021-02-22,70.3790167225719
2021-02-23,70.1567603260302
2021-02-24,70.0002497418163
2021-02-25,69.7271372812178
2021-02-26,68.9561785013648
2021-03-01,68.9300501456281
2021-03-02,69.9187726370282
2021-03-03,69.6240102508871
2021-03-04,69.3365536031947
2021-03-05,69.1755964185702
2021-03-08,68.2630818006403
2021-03-09,68.4827762695949
2021-03-10,68.1544951476806
2021-03-11,67.8635512493019
2021-03-12,68.2836197196127
2021-03-15,68.524491899236
2021-03-16,68.3382507257526
2021-03-17,68.3463016529136
2021-03-18,68.6620570156436
2021-03-19,68.5037159887147
2021-03-22,68.3939223039126
2021-03-23,68.3533526956763
2021-03-24,67.8514505964384
2021-03-25,67.5467300082926
2021-03-26,67.2194736141427
2021-03-29,67.2816634358278
2021-03-30,66.7922517686963
2021-03-31,67.6073221526945
2021-04-01,67.7820755192254
2021-04-05,67.7980723176245
2021-04-06,67.466403520398
2021-04-07,67.6180989210955
2021-04-08,67.9745771452645
2021-04-09,67.7153015562991
2021-04-12,67.8188721445961
2021-04-13,67.7994210972855
2021-04-14,67.3273440942119
2021-04-15,66.9852935116748
2021-04-16,66.8022263118895
2021-04-19,67.2244737044144
2021-04-20,66.9278116594966
2021-04-22,67.8051758872561
2021-04-23,68.6574254796921
2021-04-26,69.1603588100711
2021-04-27,68.903631593125
2021-04-28,68.2383462178539
2021-04-29,68.7622948024968
2021-04-30,69.4940528427528
2021-05-03,68.8787487287321
2021-05-04,68.7465319369964
2021-05-05,68.7092234553946
2021-05-06,68.7470572695517
2021-05-07,68.7210221499995
2021-05-10,68.5032010403547
2021-05-11,68.2184273747677
2021-05-12,67.9331111610118
2021-05-13,68.3021262719932
2021-05-14,68.0956827232001
2021-05-17,68.1044202125266
2021-05-18,68.2643829040879
2021-05-19,68.1793577606391
2021-05-20,67.7893984549463
2021-05-21,68.2676619528586
2021-05-24,68.0988280669957
2021-05-25,67.7358385582579
2021-05-26,67.6738628190455
2021-05-27,67.2326777150719
2021-05-28,67.2149539925486
2021-05-31,67.2791425735652
2021-06-01,67.0885359798079
2021-06-02,66.8976458142443
2021-06-04,66.3052872464824
2021-06-07,66.3448409051212
2021-06-08,66.1500960163959
2021-06-09,66.1903333257691
2021-06-10,66.2908710462117
2021-06-11,66.378497395807
2021-06-14,66.349454286079
2021-06-15,66.5569521599524
2021-06-16,66.3904192481273
2021-06-17,66.2418159657645
2021-06-18,65.9105763423509
2021-06-21,65.95725981441
2021-06-22,65.8683627934353
2021-06-23,65.3946729171487
2021-06-24,65.2135655211628
2021-06-25,65.000239389264
2021-06-28,65.0512989041308
2021-06-29,65.0662999024427
2021-06-30,64.9540371952423
2021-07-01,64.6363341888578
2021-07-02,64.6227230233504
2021-07-05,64.4316709639011
2021-07-06,64.4956578953697
2021-07-07,64.1018088099667
2021-07-08,64.2707311752388
2021-07-12,64.3784032425039
2021-07-13,64.4940491629046
2021-07-14,64.709695085801
2021-07-15,64.6994408958142
2021-07-16,64.4062126953676
2021-07-19,63.4901087983267
2021-07-20,63.7099184154891
2021-07-21,63.763664707045
2021-07-22,63.7224287160227
2021-07-23,63.5105259741593
2021-07-26,63.6496308248092
2021-07-27,63.2811903956176
2021-07-28,62.9781733561829
2021-07-29,62.9804948975556
2021-07-30,63.1972979649039
2021-08-02,63.5806351289233
2021-08-03,63.5606125090898
2021-08-04,63.1972613397121
2021-08-05,63.6126598269589
2021-08-06,63.1342833511716
2021-08-09,62.7610806724087
2021-08-10,62.648891369872
2021-08-11,62.7037259341258
2021-08-12,62.6347116956162
2021-08-13,62.2964157401484
2021-08-16,62.6041066471704
2021-08-17,62.4609215411071
2021-08-18,61.4341633885767
2021-08-19,61.161553583417
2021-08-20,60.7871835895424
2021-08-23,61.052315301318
2021-08-24,61.0508932522364
2021-08-25,61.1508294969058
2021-08-26,59.0839560851634
2021-08-27,59.4975751728242
2021-08-30,60.226105712402
2021-08-31,60.1486470679166
2021-09-01,60.1447027279293
2021-09-02,60.0524626273871
2021-09-03,59.9630494514917
2021-09-06,60.1075960930314
2021-09-08,59.9872374399131
2021-09-09,59.9404867872053
2021-09-10,59.8557292016101
2021-09-13,59.8788711031032
2021-09-14,60.0122066770304
2021-09-15,60.0896895187381
2021-09-16,60.4442593598677
2021-09-17,60.8422792484173
2021-09-20,60.1899664123525
2021-09-21,59.6909527070144
2021-09-22,59.864017458502
2021-09-23,60.2410998705057
2021-09-24,60.3697729444052
2021-09-27,59.5030507241497
2021-09-28,59.9662556566438
2021-09-29,59.9449052438906
2021-09-30,59.8686954437729
2021-10-01,59.978973827893
2021-10-04,54.2088418685547
2021-10-05,54.997810282269
2021-10-06,55.9596248211947
2021-10-07,54.1479377674061
2021-10-08,54.4232325640348
2021-10-11,53.6834690610324
2021-10-13,53.5535012987024
2021-10-14,53.7229475366915
2021-10-15,54.0972531068886
2021-10-18,54.431189274888
2021-10-19,54.8950256811514
2021-10-20,54.742163349451
2021-10-21,56.8090661541622
2021-10-22,59.7863538126494
2021-10-25,58.4515761602333
2021-10-26,58.3981062232431
2021-10-27,57.8527921713459
2021-10-28,57.8007388573845
2021-10-29,57.7476247802108
2021-11-01,57.7470603496209
2021-11-03,57.5424878128879
2021-11-04,57.1760969426673
2021-11-05,57.4537363578521
2021-11-08,57.5864400858467
2021-11-09,57.444002725024
2021-11-10,57.2799358121708
2021-11-11,56.85666861504
2021-11-12,55.8731033042364
2021-11-16,55.5509952306824
2021-11-17,54.684637854631
2021-11-18,55.109370399879
2021-11-19,54.9334391229929
2021-11-22,54.9492556646341
2021-11-23,55.5003723740586
2021-11-24,57.2010732595847
2021-11-25,56.422087538657
2021-11-26,56.9744785663618
2021-11-29,56.4481842119413
2021-11-30,56.3905579030876
2021-12-01,56.8392063926145
2021-12-02,56.7028748822855
2021-12-03,56.8039081709242
2021-12-06,56.7644963906026
2021-12-07,56.9802284412365
2021-12-08,57.0942462632786
2021-12-09,57.1482639460612
2021-12-10,56.9013745516796
2021-12-13,54.8394554073333
2021-12-14,55.0697734077703
2021-12-15,55.0313921804064
2021-12-16,54.9317679219567
2021-12-17,53.8850271322705
2021-12-20,54.2007892427344
2021-12-21,54.1569109639463
2021-12-22,53.8812600023972
2021-12-23,54.2651886783574
2021-12-27,54.2280380949379
2021-12-28,55.2302013129763
2021-12-29,54.2327048127476
2021-12-30,54.1934352010218
2022-01-03,53.6447000444646
2022-01-04,53.070507949833
2022-01-05,53.6068493443507
2022-01-06,53.2607932669953
2022-01-07,52.2242458246407
2022-01-10,52.0223553587446
2022-01-11,52.1757305343327
2022-01-12,52.7523283405497
2022-01-13,52.1982934548783
2022-01-14,51.4437307818827
2022-01-17,51.5465425806279
2022-01-18,51.6271376677163
2022-01-19,50.2450605157153
2022-01-20,50.2887599046057
2022-01-21,49.284100173276
2022-01-24,48.5588663537356
2022-01-25,48.5655138807049
2022-01-26,48.1429511424785
2022-01-27,48.4903358547584
2022-01-28,48.4949074222237
2022-01-31,48.4866593200817
2022-02-01,48.4121383755377
2022-02-02,47.5822888178203
2022-02-03,47.3156177105048
2022-02-04,47.2033546254082
2022-02-07,47.4976062544264
2022-02-08,48.7168463275821
2022-02-09,49.869199237386
2022-02-10,49.3794857621388
2022-02-11,49.1338258196776
2022-02-14,48.9653203491058
2022-02-15,48.1716367071728
2022-02-16,48.3857419306945
2022-02-17,47.9017280400871
2022-02-18,47.9640415951916
2022-02-21,48.1832046141745
2022-02-22,48.1948906130413
2022-02-23,48.1932096819921
2022-02-24,50.0238115461886
2022-02-25,49.2308110317016
2022-03-02,49.5281019873421
2022-03-03,49.7516898368585
2022-03-04,50.3927163557762
2022-03-07,49.7537079488845
2022-03-08,49.8560572281068
2022-03-09,50.5144100386398
2022-03-10,50.4407687361472
2022-03-11,50.4910136373805
2022-03-14,49.07142604919
2022-03-15,49.0893141455421
2022-03-16,48.929118565373
2022-03-17,47.6549320677063
2022-03-18,46.5427383126061
2022-03-21,46.4627588664725
2022-03-22,46.2388613693347
2022-03-23,46.2185468172531
2022-03-24,46.2961436189036
2022-03-25,46.1736557845978
2022-03-28,46.0048105787529
2022-03-29,47.677413900075
2022-03-30,47.2303719722278
2022-03-31,47.2723440491871
2022-04-01,46.990317896747
2022-04-04,46.9418580807558
2022-04-05,47.2822254251985
2022-04-06,47.2407470486716
2022-04-07,48.3782640109737
2022-04-08,48.7546463618893
2022-04-11,48.8861019247502
2022-04-12,49.1199742071122
2022-04-13,49.2152583644682
2022-04-14,49.5790450917144
2022-04-18,49.6037937394114
2022-04-19,49.1631738530787
2022-04-20,48.9762886637455
2022-04-22,49.3794997713725
2022-04-25,49.3257204090559
2022-04-26,49.5885780811536
2022-04-27,49.7581468712154
2022-04-28,49.2206791766633
2022-04-29,49.4935273129812
2022-05-02,49.7159261063371
2022-05-03,49.6476269404589
2022-05-04,49.6578890326849
2022-05-05,49.4416600801989
2022-05-06,50.1231620047704
2022-05-09,50.679987877284
2022-05-10,50.2770301506774
2022-05-11,49.3925376554995
2022-05-12,49.6710018508222
2022-05-13,49.231264006811
2022-05-16,49.435581528538
2022-05-17,49.9192322902637
2022-05-18,50.01207340379
2022-05-19,50.3375217539426
2022-05-20,50.8017667233701
2022-05-23,50.889928413438
2022-05-24,50.8272169024351
2022-05-25,50.600309404827
2022-05-26,50.6604755300541
2022-05-27,50.2019879292263
2022-05-30,49.9969126545973
2022-05-31,49.9194286553096
2022-06-01,50.1896515863744
2022-06-02,50.3697196052276
2022-06-03,50.4756602575078
2022-06-06,51.129902251977
2022-06-07,51.8669020851771
2022-06-08,51.55002528527
2022-06-09,51.5109971455103
2022-06-10,51.5601545542288
2022-06-13,51.5128193187453
2022-06-14,51.2924366163082
2022-06-15,51.0465873057988
2022-06-17,50.9483907713796
2022-06-20,50.8015955555471
2022-06-21,50.7952037529539
2022-06-22,50.728075252178
2022-06-23,50.2032952438049
2022-06-24,50.0769050989263
2022-06-27,50.0423170502878
2022-06-28,50.083816228271
2022-06-29,50.1895087378136
2022-06-30,50.0741190186177
2022-07-01,49.7476895426693
2022-07-04,49.5627556002048
2022-07-05,49.768288273631
2022-07-06,49.6991688152507
2022-07-07,49.4388095914306
2022-07-08,49.009815750715
2022-07-11,49.0500202906403
2022-07-12,49.2706264323483
2022-07-13,49.5441117212214
2022-07-14,49.6589195129941
2022-07-15,49.6609886106155
2022-07-18,50.3744983666388
2022-07-19,50.6796985415009
2022-07-20,50.8169191408378
2022-07-21,51.0221791863005
2022-07-22,50.8384530546101
2022-07-25,51.3240808054045
2022-07-26,51.1117607634164
2022-07-27,51.6593395208548
2022-07-28,51.3907944048088
2022-07-29,51.4713435643664
2022-08-01,52.0906535545686
2022-08-02,51.9726160953432
2022-08-03,52.1489160307553
2022-08-04,52.027737441225
2022-08-05,48.9763473790347
2022-08-08,49.4103367581379
2022-08-09,49.4697826346682
2022-08-10,49.1053745050575
2022-08-11,50.2707109108334
2022-08-12,51.8005484721061
2022-08-15,52.5968959828401
2022-08-16,54.6820274780791
2022-08-17,56.4933795204989
2022-08-18,56.6573176162521
2022-08-19,57.0676823396336
2022-08-22,56.4620694904023
2022-08-23,56.4398848792283
2022-08-24,56.3096687542288
2022-08-25,55.871133099235
2022-08-26,55.7566993962724
2022-08-29,55.4000417332738
2022-08-30,55.4037810041022
2022-08-31,55.1545303122793
2022-09-01,55.5978296640384
2022-09-02,55.7025727260922
2022-09-05,55.6492012312459
2022-09-06,55.1725377095965
2022-09-08,54.3940282482499
2022-09-09,54.5560331922688
2022-09-12,53.6200101018922
2022-09-13,52.3479492705801
2022-09-14,52.4042011430855
2022-09-15,51.8977196451608
2022-09-16,52.3211598667702
2022-09-19,52.4500286860579
2022-09-20,52.4308777100396
2022-09-21,52.5662357147073
2022-09-22,53.0836542360921
2022-09-23,53.0006960897858
2022-09-26,53.2793778638055
2022-09-27,53.2455225448029
2022-09-28,53.2036781617603
2022-09-29,53.2812272505379
2022-09-30,53.1045841850952
2022-10-03,51.5407159427952
2022-10-04,51.0007136671999
2022-10-05,50.9893520264975
2022-10-06,50.7515041615808
2022-10-07,50.7146506424397
2022-10-10,50.7495841308412
2022-10-11,50.2496882413012
2022-10-13,50.9051619705919
2022-10-14,50.3502455787656
2022-10-17,50.7101359359761
2022-10-18,50.4300875362195
2022-10-19,50.4129826121414
2022-10-20,50.4059115347167
2022-10-21,50.2776592566884
2022-10-24,50.009702327063
2022-10-25,49.9740497897914
2022-10-26,53.2636945254052
2022-10-27,52.9025940744297
2022-10-28,52.2880871928348
2022-10-31,53.4283610866927
2022-11-01,53.6962253621104
2022-11-03,53.2106517306004
2022-11-04,53.2509795624047
2022-11-07,52.3813593826948
2022-11-08,52.1712119041933
2022-11-09,54.1180904014327
2022-11-10,54.6235130969492
2022-11-11,54.1951362696794
2022-11-14,53.2745034555791
2022-11-16,53.9745379926475
2022-11-17,54.2231206907246
2022-11-18,54.3972666950369
2022-11-21,54.4056558612528
2022-11-22,54.4090304152873
2022-11-23,51.8908782445662
2022-11-24,51.4494094449449
2022-11-25,50.8101885831029
2022-11-28,50.7554816511744
2022-11-29,50.3835320364071
2022-11-30,49.9512791351592
2022-12-01,50.3658299229321
2022-12-02,50.4835985339698
2022-12-05,50.3435465262604
2022-12-06,50.2814935632436
2022-12-07,50.0642174124179
2022-12-08,47.9353995659634
2022-12-09,50.4590405179503
2022-12-12,50.0950466849612
2022-12-13,49.7505512010938
2022-12-14,49.006681183671
2022-12-15,48.3985282868064
2022-12-16,48.0582203512728
2022-12-19,45.8285458792581
2022-12-20,45.4483920050625
2022-12-21,44.6497376300575
2022-12-22,45.0612290442658
2022-12-23,45.1898418320292
2022-12-26,45.0406702227576
2022-12-27,45.448841988564
2022-12-28,46.588898316386
2022-12-29,46.5484534856121
2023-01-02,46.2982906074003
2023-01-03,45.5974966836078
2023-01-04,45.429847483983
2023-01-05,45.7740607621997
2023-01-06,45.8132614161192
2023-01-09,45.6064395396644
2023-01-10,46.6631437048362
2023-01-11,46.126487568842
2023-01-12,46.2363195570743
2023-01-13,45.7848251301713
2023-01-16,45.2636103718047
2023-01-17,45.4891956863154
2023-01-18,44.6344856350346
2023-01-19,43.9219586549123
2023-01-20,43.9870715436922
2023-01-23,43.8111862504856
2023-01-24,43.1604942111531
2023-01-25,43.3175653666994
2023-01-26,43.279478028404
2023-01-27,42.8617625558339
2023-01-30,42.6980171593236
2023-01-31,42.523044394916
2023-02-01,42.8747904968577
2023-02-02,43.4465136730951
2023-02-03,43.2350688277031
2023-02-06,43.272379226595
2023-02-07,43.2132869425852
2023-02-08,42.5946348100371
2023-02-09,43.1359532693403
2023-02-10,43.0458692257426
2023-02-13,43.3304665648618
2023-02-14,42.9728045437597
2023-02-15,42.6663360237178
2023-02-16,42.1750734147763
2023-02-17,41.6923372573012
2023-02-22,41.4448695280247
2023-02-23,41.2228210170758
2023-02-24,40.9250170985268
2023-02-27,40.2486006250154
2023-02-28,40.0934215288383
2023-03-01,40.4670591458669
2023-03-02,40.2205222996454
2023-03-03,40.4626052115294
2023-03-06,40.2041442372414
2023-03-07,41.5941312659929
2023-03-08,41.6325780799165
2023-03-09,41.4953661348627
2023-03-10,41.2868700079803
2023-03-13,41.7313002887741
2023-03-14,42.4363718724505
2023-03-15,42.9098618766838
2023-03-16,42.6332999769095
2023-03-17,42.3937838052871
2023-03-20,41.5661133941119
2023-03-21,41.9350692687013
2023-03-22,41.8701379032839
2023-03-23,42.0732202711285
2023-03-24,41.4448379772772
2023-03-27,41.5992527248697
2023-03-28,41.6127155689762
2023-03-29,41.7743420731608
2023-03-30,41.7655647405987
2023-03-31,42.1702023758498
2023-04-03,42.2559408107931
2023-04-04,41.9175672063278
2023-04-05,42.0228867492828
2023-04-06,42.235419371129
2023-04-10,42.28133561132
2023-04-11,42.2557060896739
2023-04-12,42.1374386046444
2023-04-13,42.4513595115372
2023-04-14,42.8454012300236
2023-04-17,43.0947430817923
2023-04-18,43.1154258068767
2023-04-19,43.1322147106835
2023-04-20,43.4756425276112
2023-04-24,43.6456983904664
2023-04-25,44.092702522087
2023-04-26,44.1102091217511
2023-04-27,44.122117213147
2023-04-28,44.0114815993039
2023-05-02,43.29251412321
2023-05-03,43.2841817909244
2023-05-04,42.780898692441
2023-05-05,42.7330440037326
2023-05-08,42.5904277008284
2023-05-09,42.5641421182982
2023-05-10,42.6642282525309
2023-05-11,42.5963048455346
2023-05-12,41.6309178331299
2023-05-15,43.0196337248013
2023-05-16,42.7222288920964
2023-05-17,43.0187224757889
2023-05-18,43.2540303602257
2023-05-19,42.7753311015385
2023-05-22,42.5369101418901
2023-05-23,42.1909332292525
2023-05-24,42.5890737942493
2023-05-25,42.3430281231567
2023-05-26,42.8745980887528
2023-05-29,42.765296202394
2023-05-30,43.0304662935996
2023-05-31,43.3806438650848
2023-06-01,43.3151562380436
2023-06-02,43.3940128953026
2023-06-05,43.5885734454708
2023-06-06,43.3533589834103
2023-06-07,43.5276421940837
2023-06-09,43.0819920412428
2023-06-12,43.056131037727
2023-06-13,43.5504953986299
2023-06-14,43.5223256049286
2023-06-15,43.0184728349354
2023-06-16,43.2649759394745
2023-06-19,43.0190764648652
2023-06-20,42.9189542812591
2023-06-21,43.2290210716979
2023-06-22,43.5089578969076
2023-06-23,43.9931768645136
2023-06-26,45.1174245803154
2023-06-27,43.4855527042409
2023-06-28,43.0674899751666
2023-06-29,43.1993623857323
2023-06-30,42.9090929927947
2023-07-03,42.3827476057066
2023-07-04,42.8873057644951
2023-07-05,42.953531469029
2023-07-06,42.0401992545585
2023-07-07,42.1808976684789
2023-07-10,42.3750032942045
2023-07-11,41.9304687926827
2023-07-12,41.8480393925735
2023-07-13,42.0366471248739
2023-07-14,42.2535398908861
2023-07-17,42.0929290094457
2023-07-18,41.0997476197684
2023-07-19,41.0772669443444
2023-07-20,40.9310559464481
2023-07-21,40.4221816107242
2023-07-24,39.9063433646124
2023-07-25,39.8045726449054
2023-07-26,40.312604561451
2023-07-27,40.4221961506992
2023-07-28,40.4984382309802
2023-07-31,40.8408507766914
2023-08-01,40.788845436882
2023-08-02,40.5977594861299
2023-08-03,40.4732988357511
2023-08-04,39.9579504342619
2023-08-07,40.6880998980901
2023-08-08,39.7220887106708
2023-08-09,39.6258647661445
2023-08-10,39.8934846804132
2023-08-11,39.8357377693505
2023-08-14,39.403444382371
2023-08-15,38.450986314844
2023-08-16,38.054517054924
2023-08-17,37.0824914612408
2023-08-18,37.377504572721
2023-08-21,38.0698092925506
2023-08-22,37.5818335378997
2023-08-23,37.3423131283661
2023-08-24,37.0420479896483
2023-08-25,37.3872680859928
2023-08-28,38.3486714879964
2023-08-29,39.9400121812883
2023-08-30,39.8166548093224
2023-08-31,39.4850400421349
2023-09-01,39.349280212492
2023-09-04,39.4659850858982
2023-09-05,39.6118703526418
2023-09-06,38.6315291742937
2023-09-08,38.6656782047437
2023-09-11,38.7339573269023
2023-09-12,38.5182623551729
2023-09-13,37.2148502902797
2023-09-14,37.8105304854966
2023-09-15,37.4247678062062
2023-09-18,37.5068499066638
2023-09-19,37.8468735046458
2023-09-20,37.5304441635689
2023-09-21,37.5598553545055
2023-09-22,37.2026004891667
2023-09-25,37.2976444820847
2023-09-26,37.2752884394872
2023-09-27,36.4545880386968
2023-09-28,36.4601416685974
2023-09-29,36.2033409418103
2023-10-02,36.2920323289152
2023-10-03,36.4453615597935
2023-10-04,36.5685033971577
2023-10-05,37.7810374161203
2023-10-06,40.5193775162164
2023-10-09,40.2441009122944
2023-10-10,40.9897539245435
2023-10-11,41.1120943786942
2023-10-13,41.294237239179
2023-10-16,41.8354361762885
2023-10-17,42.0695488865512
2023-10-18,42.0133890564131
2023-10-19,42.6915448734621
2023-10-20,43.0085734741381
2023-10-23,42.8462231450501
2023-10-24,43.5642983199005
2023-10-25,44.1842804763688
2023-10-26,44.2460772402322
2023-10-27,43.9821897511852
2023-10-30,43.7480611752721
2023-10-31,43.2179531542141
2023-11-01,43.2203556814244
2023-11-03,43.9367780654121
2023-11-06,42.9089000221741
2023-11-07,42.9903050896459
2023-11-08,43.6971554467152
2023-11-09,43.4366658072898
2023-11-10,43.4053048720514
2023-11-13,43.8756942206148
2023-11-14,43.3884870265444
2023-11-16,42.9886053404399
2023-11-17,41.1979816895346
2023-11-20,41.5060386302765
2023-11-21,41.6342068861725
2023-11-22,41.8677094988141
2023-11-23,42.2512040523298
2023-11-24,42.5801747797522
2023-11-27,42.932006834247
2023-11-28,42.9708436061701
2023-11-29,42.6667573178254
2023-11-30,42.7362913897235
2023-12-01,42.6399669461532
2023-12-04,43.0248891990346
2023-12-05,43.3067560863697
2023-12-06,43.0542114522228
2023-12-07,42.890684464219
2023-12-08,42.8116069230397
2023-12-11,43.1647988604254
2023-12-12,42.0779983145149
2023-12-13,40.2844098493968
2023-12-14,40.216982211695
2023-12-15,39.8933780893956
2023-12-18,40.4410519300108
2023-12-19,40.261887457487
2023-12-20,40.0413120430193
2023-12-21,40.3668699531561
2023-12-22,41.3866734851983
2023-12-26,41.4990145071489
2023-12-27,42.3079674915369
2023-12-28,42.2365446647403
2024-01-02,41.9334975945576
2024-01-03,41.8159229165233
2024-01-04,41.9203328785079
2024-01-05,41.9906715237356
2024-01-08,42.4549310962512
2024-01-09,42.5929538198878
2024-01-10,42.5632371826922
2024-01-11,42.9317767341866
2024-01-12,42.4427164116745
2024-01-15,42.2378862732465
2024-01-16,42.5496394339039
2024-01-17,43.1675023553386
2024-01-18,43.230787339552
2024-01-19,41.3857384487072
2024-01-22,40.76744902922
2024-01-23,40.2806893011716
2024-01-24,40.1727838676087
2024-01-25,39.3658313379841
2024-01-26,38.6701995440473
2024-01-29,38.4966615965882
2024-01-30,38.4250288273365
2024-01-31,37.4545181550888
2024-02-01,37.4703767517468
2024-02-02,37.7110380664286
2024-02-05,37.4822132716198
2024-02-06,37.5060042275143
2024-02-07,38.98768577565
2024-02-08,37.7557275154368
2024-02-09,43.4677855257968
2024-02-14,39.1759527060631
2024-02-15,37.2525530247716
2024-02-16,36.3971907176291
2024-02-19,34.8579347413888
2024-02-20,34.3427060522084
2024-02-21,34.2148794807844
2024-02-22,33.818357697705
2024-02-23,33.6549589631996
2024-02-26,33.3299805519482
2024-02-27,33.1768301975598
2024-02-28,33.3818791700727
2024-02-29,33.5774700845209
2024-03-01,33.7020965487321
2024-03-04,33.9003271236024
2024-03-05,33.9527826318195
2024-03-06,33.5912211854335
2024-03-07,33.0874398990287
2024-03-08,32.5473772667399
2024-03-11,36.829046592037
2024-03-12,36.5726631955857
2024-03-13,37.4578433752377
2024-03-14,37.5164181485916
2024-03-15,37.645237256404
2024-03-18,38.1774541654942
2024-03-19,37.4530378146021
2024-03-20,37.2468722531849
2024-03-21,36.1985853881798
2024-03-22,35.4511381911136
2024-03-25,35.5917784410754
2024-03-26,35.1868123272911
2024-03-27,34.4915447306415
2024-03-28,34.2334419476217
2024-04-01,33.2807987630964
2024-04-02,32.8398783375076
2024-04-03,32.827831496645
2024-04-04,33.5164859975637
2024-04-05,33.4537687961205
2024-04-08,33.3499304829957
2024-04-09,33.5256875787793
2024-04-10,33.7190463478179
2024-04-11,33.8382034291131
2024-04-12,34.3009051330086
2024-04-15,34.2778834551265
2024-04-16,34.1920301215674
2024-04-17,34.5265459066865
2024-04-18,34.631661048459
2024-04-19,34.6424339811157
2024-04-22,34.3189296064825
2024-04-23,34.6499174962463
2024-04-24,34.6160633366028
2024-04-25,34.8030116058741
2024-04-26,35.0640643839114
2024-04-29,35.3303875310323
2024-04-30,34.9848987225257
2024-05-02,35.3770085121913
2024-05-03,35.4519534406754
2024-05-06,35.4383428736446
2024-05-07,34.9412187144442
2024-05-08,34.3884096430342
2024-05-09,33.8532783033452
2024-05-10,34.0571635810137
2024-05-13,34.1065385866749
2024-05-14,34.2096599937281
2024-05-15,34.5761171073975
2024-05-16,34.9821994285868
2024-05-17,35.0045592534176
2024-05-20,34.8354071694407
2024-05-21,35.9186154507251
2024-05-22,36.3597934039781
2024-05-23,36.1338777427729
2024-05-24,36.4324978761232
2024-05-27,36.6307562313341
2024-05-28,36.5114043421913
2024-05-29,35.8598830135946
2024-05-31,36.511234517434
2024-06-03,37.7145373798834
2024-06-04,38.0650543869953
2024-06-05,38.2109158794754
2024-06-06,38.2757857030274
2024-06-07,38.3610169271557
2024-06-10,38.8096727350999
2024-06-11,39.3855830571631
2024-06-12,39.4721855096724
2024-06-13,39.7364953395873
2024-06-14,39.6616554908755
2024-06-17,39.8339698555037
2024-06-18,39.8629246634241
2024-06-19,40.0724552925471
2024-06-20,40.1760851004761
2024-06-21,40.3717690229405
2024-06-24,39.5972628771778
2024-06-25,38.5493778532322
2024-06-26,38.545667271811
2024-06-27,38.1593090628435
2024-06-28,38.0827388017714
2024-07-01,38.0245629361605
2024-07-02,38.079849412999
2024-07-03,38.1431782777485
2024-07-04,37.9307538011903
2024-07-05,38.1152383778942
2024-07-08,38.0821651439574
2024-07-09,38.1176236122078
2024-07-10,38.1215073946784
2024-07-11,38.3130748585752
2024-07-12,38.2521362969659
2024-07-15,38.1715892664376
2024-07-16,38.0321239925942
2024-07-17,38.07489906607
2024-07-18,37.839841897821
2024-07-19,37.8563844310143
2024-07-22,37.8651178651877
2024-07-23,38.373638704151
2024-07-24,37.9365463364517
2024-07-25,38.1431070017333
2024-07-26,37.8608827380859
2024-07-29,37.769138737202
2024-07-30,37.7995589050368
2024-07-31,37.2581521952373
2024-08-01,37.371167300677
2024-08-02,37.2273157702823
2024-08-05,39.3017960761845
2024-08-06,38.5376990127733
2024-08-07,41.1490925505162
2024-08-08,39.0061289792166
2024-08-09,38.9997439400201
2024-08-12,38.8015091491029
2024-08-13,38.9360437787894
2024-08-14,39.6491389409286
2024-08-15,39.5691914910569
2024-08-16,38.6432374573142
2024-08-19,39.0155001179858
2024-08-20,39.3554253410567
2024-08-21,39.8825904695385
2024-08-22,39.4194998553369
2024-08-23,39.0093853666014
2024-08-26,38.9731495913274
2024-08-27,37.7728195420216
2024-08-28,37.8459403074694
2024-08-29,37.3392620033905
2024-08-30,37.2184702588069
2024-09-02,36.9612835731477
2024-09-03,36.5742063484124
2024-09-04,36.3688038672483
2024-09-05,37.940017419333
2024-09-06,37.9954863453688
2024-09-09,38.9606738655058
2024-09-10,38.5785993552176
2024-09-11,38.7710387382721
2024-09-12,40.0731595544929
2024-09-13,38.5901880704006
2024-09-16,40.0225445227357
2024-09-17,40.2176136195179
2024-09-18,40.6013956214368
2024-09-19,39.7002029485781
2024-09-20,39.5367424729482
2024-09-23,38.7771717323795
2024-09-24,38.8247293187157
2024-09-25,39.2505552338728
2024-09-26,39.5958729205116
2024-09-27,39.2424175782388
2024-09-30,38.9940477329158
2024-10-01,38.1293937936341
2024-10-02,38.3225030862208
2024-10-03,38.1184080838951
2024-10-04,37.7716104048775
2024-10-07,37.5907038964534
2024-10-08,37.4246593592178
2024-10-09,37.5294181785292
2024-10-10,37.5765997304023
2024-10-11,37.6682888269485
2024-10-14,37.6630145794426
2024-10-15,37.8428037345385
2024-10-16,37.816348967915
2024-10-17,38.4640167994976
2024-10-18,38.5503079564358
2024-10-21,38.0946936252551
2024-10-22,37.9981028337751
2024-10-23,38.0799164963233
2024-10-24,38.3463790987837
2024-10-25,38.55267042109
2024-10-28,38.4394507138133
2024-10-29,37.7814552868898
2024-10-30,38.0081386654739
2024-10-31,38.1562081795238
2024-11-01,38.0624256656605
2024-11-04,38.1920631252238
2024-11-05,38.3641464127647
2024-11-06,38.8580090977151
2024-11-07,38.5309959587463
2024-11-08,38.5739156916965
2024-11-11,38.436437437207
2024-11-12,38.6215636786981
2024-11-13,38.0321241456727
2024-11-14,37.7552234361906
2024-11-18,37.9593530645777
2024-11-19,37.018183630502
2024-11-21,37.0720788101069
2024-11-22,37.3493415923103
2024-11-25,37.2223087706181
2024-11-26,37.4049307837546
2024-11-27,37.4376509448586
2024-11-28,37.4643625746673
2024-11-29,37.8394475057196
2024-12-02,37.5832559742729
2024-12-03,37.4811720699215
2024-12-04,37.3526667004929
2024-12-05,37.5257198225366
2024-12-06,36.9593002801911
2024-12-09,36.7257266368321
2024-12-10,37.8754620652382
2024-12-11,39.1665459138533
2024-12-12,40.1354480767922
2024-12-13,40.4625741124129
2024-12-16,41.1154176775454
2024-12-17,41.7524480673731
2024-12-18,41.8468139022408
2024-12-19,41.9623200873284
2024-12-20,41.2568581808591
2024-12-23,41.0696308543219
2024-12-26,41.0739764018777
2024-12-27,40.6446410643419
2024-12-30,39.9436572158665
2025-01-02,40.3073883084622
2025-01-03,39.8538302456518
2025-01-06,39.7638691163459
2025-01-07,40.0574591066349
2025-01-08,39.8219306370649
2025-01-09,39.525972225263
2025-01-10,39.7460059315042
2025-01-13,39.6147279481917
2025-01-14,39.6296579509407
2025-01-15,38.2487868874275
2025-01-16,38.4794187820602
2025-01-17,38.7375154028391
2025-01-20,38.1061269579667
2025-01-21,38.1164355283445
2025-01-22,38.1434170755164
2025-01-23,38.6576827555052
2025-01-24,38.9916627862544
2025-01-27,39.6012364222576
2025-01-28,40.0723605281708
2025-01-29,40.3422195660433
2025-01-30,40.8217590888928
2025-01-31,40.3514709901428
2025-02-03,39.533981894695
2025-02-04,40.1552468538064
2025-02-05,41.8139903647238
2025-02-06,42.7433903907181
2025-02-07,43.0593364854501
2025-02-10,42.4742638064476
2025-02-11,43.1515380908597
2025-02-12,42.7175536832406
2025-02-13,41.4978803999143
2025-02-14,41.801423724095
2025-02-17,41.8202757539329
2025-02-18,41.0691353686819
2025-02-19,41.0527774032764
2025-02-20,40.5392766574228
2025-02-21,40.461342638746
2025-02-24,39.8647298292016
2025-02-25,39.8941388341317
2025-02-26,39.8320763763368
2025-02-27,39.8339877983314
2025-02-28,39.4713226854466
2025-03-05,39.4922426117425
2025-03-06,39.4042575153915
2025-03-07,39.4072859975161
2025-03-10,39.6963094007091
2025-03-11,40.3659242495831
2025-03-12,39.5849158905835
2025-03-13,39.319396720201
2025-03-14,40.2289052723737
2025-03-17,39.9195763434193
2025-03-18,39.7543945655551
2025-03-19,40.4737441187205
2025-03-20,40.7434824144371
2025-03-21,40.3070378642129
2025-03-24,39.9871219971179
2025-03-25,40.1734430793854
2025-03-26,40.276368835294
2025-03-27,40.3162271527965
2025-03-28,40.5722301133269
2025-03-31,41.0593119383633
2025-04-01,41.2070515524534
2025-04-02,41.1906897065702
2025-04-03,41.1428991141955
2025-04-04,41.9388394107264
2025-04-07,42.5438899618597
2025-04-08,44.0923932778039
2025-04-09,46.4931071261151
2025-04-10,47.1940130825155
2025-04-11,46.9620078768377
2025-04-14,46.6684376574444
2025-04-15,47.0125453183635
2025-04-16,47.0012101142466
2025-04-17,46.9532203368957
2025-04-22,46.8379420520112
2025-04-23,46.9438402519618
2025-04-24,46.387262366174
2025-04-25,46.4095064118734
2025-04-28,46.1338134290558
2025-04-29,46.0732459499013
2025-04-30,46.2734895350552
2025-05-02,46.0144046819903
2025-05-05,45.7541507614025
2025-05-06,45.1778416691073
2025-05-07,44.7934231171276
2025-05-08,43.7465208933706
2025-05-09,44.3527632999727
2025-05-12,43.7492420486255
2025-05-13,43.1568760512217
2025-05-14,42.8507163902008
2025-05-15,41.2891262350416
2025-05-16,44.5253751515261
2025-05-19,43.4065082638093
2025-05-20,42.1822809737915
2025-05-21,40.3150045636698
2025-05-22,39.8249633857079
2025-05-23,40.6947042489859
2025-05-26,40.9968434301803
2025-05-27,41.0574586268989
2025-05-28,40.9950581868087
2025-05-29,40.6400308044039
2025-05-30,40.1818881709998
2025-06-02,39.9242728147811
2025-06-03,39.4593242569218
2025-06-04,39.6360534217332
2025-06-05,39.5945734869472
2025-06-06,40.4344281438282
2025-06-09,41.1843915952567
2025-06-10,40.5838592531187
2025-06-11,40.4239464734156
2025-06-12,39.3566789643702
2025-06-13,40.059210079626
2025-06-16,41.3154183972872
2025-06-17,41.6705535597018
2025-06-18,41.7280073157884
2025-06-20,40.5872948714296
2025-06-23,40.9093965664974
2025-06-24,40.5154700357648
2025-06-25,40.7775484639795
2025-06-26,40.4620960699471
2025-06-27,40.4390987423471
2025-06-30,39.9779613470389
2025-07-01,39.1134162408338
2025-07-02,39.4897502433258
2025-07-03,39.4811957006794
2025-07-04,39.3386883772372
2025-07-07,39.0953628375038
2025-07-08,39.5276440161673
2025-07-09,40.2954198125651
2025-07-10,40.6933178689035
2025-07-11,41.7056840187218
2025-07-14,41.4298599112672
2025-07-15,41.6460834053872
2025-07-16,41.7431159953366
2025-07-17,41.3830545720941
2025-07-18,41.7413604754615
2025-07-21,41.8767856427191
2025-07-22,41.5309876268589
2025-07-23,40.242502287205
2025-07-24,41.0277780966193
2025-07-25,41.4964217786759
2025-07-28,41.6493894027617
2025-07-29,42.2982102145944
2025-07-30,41.7188001455569
2025-07-31,41.5580463630716
2025-08-01,40.9668575673442
2025-08-04,40.7109022638766
2025-08-05,41.1787348397121
2025-08-06,40.7122598737321
2025-08-07,40.7840596066845
2025-08-08,40.5493884574627
2025-08-11,39.8612873349653
2025-08-12,40.3884374418097
2025-08-13,39.9107793021262
2025-08-14,40.121663354275
2025-08-15,43.6966935912306
2025-08-18,41.1051642625981
2025-08-19,41.0635187417834
2025-08-20,41.1468243529654
2025-08-21,40.9124949908231
2025-08-22,40.7277049761996
2025-08-25,40.8897606188315
2025-08-26,40.8185855861771
2025-08-27,40.7378709320209
2025-08-28,40.751762997808
2025-08-29,41.3872179173506
2025-09-01,41.8818066950174
2025-09-02,41.9156010383459
2025-09-03,42.1355921316996
2025-09-04,41.9793825982928
2025-09-05,42.1849967367353
2025-09-08,41.931139078242
2025-09-09,41.6265389208489
2025-09-10,41.7477106106221
2025-09-11,41.3852244425492
2025-09-12,41.5091106475348
2025-09-15,43.1745152220467
2025-09-16,42.4427771667071
2025-09-17,43.0404363214355
2025-09-18,43.3023318979651
2025-09-19,43.2896571027779
2025-09-22,43.3283957747739
2025-09-23,43.3249826857488
2025-09-24,43.4365922482615
2025-09-25,43.4798344201737
2025-09-26,43.8283290737387
2025-09-29,43.6778340665973
2025-09-30,43.6024283918904
2025-10-01,43.7593770040005
2025-10-02,43.8531395701397
2025-10-03,44.0742729271529
2025-10-06,44.8172472001797
2025-10-07,44.5747042241654
2025-10-08,44.6230510991115
2025-10-09,45.1364795890236
2025-10-10,45.114980824799
2025-10-13,45.528325856634
2025-10-14,44.9913991458939
2025-10-15,44.4258542694408
2025-10-16,43.9547610520115
2025-10-17,43.6714481830384
2025-10-20,43.8033465889352
2025-10-21,43.8951869506195
2025-10-22,43.4255642697693
2025-10-23,43.2564432256774
2025-10-24,43.1703014796484
2025-10-27,42.988282664672
2025-10-28,43.1740285978091
2025-10-29,42.9185975049095
2025-10-30,42.9402728287759
2025-10-31,42.8208381571592
2025-11-03,43.2350303263353
2025-11-04,43.1056520534761
2025-11-05,43.7234401305728
2025-11-06,43.5745002215234
2025-11-07,43.4534340481122
2025-11-10,43.5524368363623
2025-11-11,43.2715537704682
2025-11-12,43.3502192066421
2025-11-13,43.2548924206855
2025-11-14,42.8485886008606
2025-11-17,43.4862993588774
2025-11-18,43.7458784355947
2025-11-19,44.3539961455871
2025-11-21,43.3942833346773
2025-11-24,42.9399979727962
2025-11-25,43.1290216670082
2025-11-26,43.064721442034
2025-11-27,42.9757646070454
2025-11-28,43.0404106369526
2025-12-01,43.718625719114
2025-12-02,43.2867436540244
2025-12-03,42.7228611899578
2025-12-04,42.4176883682784
2025-12-05,44.2551965052555
2025-12-08,43.5028331577357
2025-12-09,43.3606269741039
2025-12-10,43.3430585356092
2025-12-11,43.5227243194323
2025-12-12,43.4075048637369
2025-12-15,43.2125350482761
2025-12-16,43.19955177969
2025-12-17,43.6865498880632
2025-12-18,43.0010197259769
2025-12-19,43.3125818206727
2025-12-22,43.3581708620059
2025-12-23,43.1030203256944
2025-12-26,43.079603729932
2025-12-29,43.0722947166623
2025-12-30,42.971385871642
